"","Label_index","SPL_ch1","Coef_ch1","Time_ch1","SPL_ch2","Coef_ch2","Time_ch2","SPL_ch3","Coef_ch3","Time_ch3","SPL_ch4","Coef_ch4","Time_ch4","SPL_ch5","Coef_ch5","Time_ch5","SPL_ch6","Coef_ch6","Time_ch6"
"1","tp_6",-53.3146367343693,-0.189164828162671,0.566927083333333,-51.1925009759026,-0.142675030404353,0.56859375,-50.3327439958126,-0.0982934448558686,0.55890625,-39.695285399943,-0.0308030085437054,0.550635416666667,-49.3605784111123,-0.0747096604559631,0.569927083333333,-56.179214227258,0.164631827753788,0.577927083333333
"2","tp_7",-56.0493848021237,-1.03429061538341,0.72096875,-59.9303041649338,-1.27599330460236,0.72209375,-55.0609662279786,-0.888391381869017,0.71578125,-44.0239791027999,-0.428771192773546,0.712552083333333,-45.2029061878901,-0.501034478830298,0.716260416666667,-51.3857712029184,-0.646956376288712,0.72309375
"3","tp_184",-52.3951909347336,-0.473144940249016,0.855677083333333,-51.4018318975564,-0.287320358346653,0.85784375,-50.267551909647,-0.410797201319756,0.846885416666667,-39.677855374573,-0.3386957851883,0.840010416666667,-54.5837245943486,-3.76238747209755,0.816760416666667,-57.0691902338378,-1.57430663254463,0.838052083333333
"4","tp_10",-58.6047806602694,-1.89952246239532,0.896260416666667,-62.3524155201993,-1.3999170934044,0.89503125,-57.3154427280819,-1.95849839870535,0.896010416666667,-46.3562014061801,-1.85691371566679,0.88540625,-47.4519864911745,0.206901783242532,0.89234375,-54.228175824876,-0.419863859169152,0.90059375
"5","tp_11",-50.182919752911,-0.0824348299958782,0.958552083333333,-54.5223134212442,-0.0960619808049929,0.95578125,-43.1981814674387,-0.208113339831305,0.945364583333333,-34.9977915400361,-0.318738329692282,0.941385416666667,-56.6186584033313,0.12292480669083,0.907135416666667,-53.7592421532074,-0.142150165756931,0.96140625
"6","fp_2",-61.3486114768781,-1.59995267448774,1.02063541666667,-60.8109654720008,-1.23190859364995,1.02403125,-58.1368384382215,-1.29122113322583,1.03965625,-61.7356214570452,-1.38249535104647,1.04163541666667,NA,NA,NA,NA,NA,NA
"7","tp_13",-50.1695288118023,-0.017662534239819,1.17413541666667,-54.8295402011321,-0.179486139420278,1.16911458333333,-43.5184045366559,-0.0796848563701649,1.16284375,-35.9947895757319,-0.126981838856499,1.15821875,-57.8282543858623,-0.287698461946009,1.17065625,-54.062092134759,-0.0303403452963419,1.17748958333333
"8","fp_3",-60.4518832423673,-1.62894941011662,1.24984375,-59.4614870129248,-1.16101476516137,1.24836458333333,-58.4818405905487,-1.49007886047671,1.25765625,-57.3139001759451,-1.18668021431697,1.25867708333333,NA,NA,NA,NA,NA,NA
"9","fp_4",-61.2697048167231,-1.02478172477931,1.46896875,-58.8322362114377,-0.890047072961843,1.45978125,-56.8163899429336,-1.35766901673344,1.46863541666667,NA,NA,NA,NA,NA,NA,NA,NA,NA
"10","fp_5",-60.5056205314575,-1.48767769328605,1.67213541666667,-57.7248838111469,-1.02380856052661,1.67107291666667,-57.8864662897054,-1.24650694050666,1.68003125,-57.2461275422773,-0.960950344185606,1.68813541666667,NA,NA,NA,NA,NA,NA
"11","fp_6",-62.4889535495211,-1.81646632389043,1.87248958333333,-58.5481136762459,-0.991421760009955,1.88278125,-59.5718845400993,-1.42426040377164,1.89080208333333,-58.2042086645709,-0.956716740373538,1.90005208333333,NA,NA,NA,NA,NA,NA
"12","fp_7",-62.2745855053433,-2.96832081658396,2.07648958333333,-57.9697517070986,-1.08163774374544,2.09601041666667,-59.7148720194894,-1.54603522629089,2.09080208333333,-59.6507525458544,-1.0421534015957,2.10619791666667,NA,NA,NA,NA,NA,NA
"13","fp_8",-62.1354192761982,-0.496241700641215,2.30861458333333,-58.3495416152707,-0.702528786117123,2.29984375,-61.1363193269367,-1.05539063009314,2.30828125,NA,NA,NA,NA,NA,NA,NA,NA,NA
"14","tp_17",-47.4183205620433,-2.41634452828876,2.40496875,-52.9910067158329,-1.97114302391577,2.41530208333333,-55.6454460262513,-1.97323164297364,2.40965625,-42.7409904884353,0.159656084234439,2.42073958333333,-36.1169270636007,0.330876634771511,2.42532291666667,-43.6765505774338,-0.0708558651117585,2.41794791666667
"15","tp_18",-39.1071748399434,-0.00240256636819334,2.47192708333333,-49.3338559027972,0.298738486681173,2.48619791666667,-50.3480379052076,-0.51975289797484,2.43759375,-49.9762375535265,0.314940664891975,2.48311458333333,NA,NA,NA,-46.6467874745461,-0.0972614506402248,2.46688541666667
"16","fp_9",-64.2508681360506,-2.92506390102045,2.47246875,-60.4340219861663,-0.985223519680445,2.49834375,-62.4660374254511,-1.40908704673173,2.50751041666667,-59.6259037067142,-2.44809425534865,2.49871875,NA,NA,NA,NA,NA,NA
"17","tp_19",-46.2670844532046,-3.25905366575355,2.61467708333333,-45.065219046582,-3.05252190644806,2.61934375,-46.4889549820607,-3.1938547599437,2.60428125,-34.4912331278797,-3.03888242811619,2.62292708333333,-48.9010924663703,-2.99084334744469,2.61403125,-48.9107023576617,-3.01069624349239,2.61886458333333
"18","fp_10",-64.1528754770178,-3.65742488849547,2.68446875,-56.8319636454645,-0.979922474269672,2.70340625,-61.4733910461258,-1.35102183906893,2.71226041666667,-60.3200519547794,-0.952487142750586,2.72076041666667,NA,NA,NA,NA,NA,NA
"19","tp_20",NA,NA,NA,NA,NA,NA,NA,NA,NA,NA,NA,NA,-61.3419237811208,-1.65032758323568,2.83665625,NA,NA,NA
"20","fp_11",-62.536605414741,-1.20677645748442,2.92421875,-55.686850847709,-0.649900220255353,2.92190625,-59.52594200362,-1.10788975731104,2.91834375,-61.1104533110474,-0.848110296842328,2.92744791666667,NA,NA,NA,NA,NA,NA
"21","fp_12",-63.3546396891381,-3.10150941205389,3.11044791666667,-56.8206143396567,-0.987897045313875,3.13001041666667,NA,NA,NA,-63.35781537205,-3.25563451661453,3.10548958333333,NA,NA,NA,NA,NA,NA
"22","tp_23",-56.7044615598478,-0.261633594313,3.25753125,-59.7290596141104,-0.596601300412276,3.26055208333333,-54.8035002476754,-0.154872717412282,3.25298958333333,-43.9430169789487,-0.155168056883045,3.24394791666667,-45.1583275001278,-0.0923575755789606,3.24844791666667,-52.3442991830042,-0.218898118160899,3.25721875
"23","tp_24",NA,NA,NA,NA,NA,NA,NA,NA,NA,NA,NA,NA,NA,NA,NA,-63.5259796497482,-2.67276846363039,3.31740625
"24","tp_25",-56.716535485209,-1.28957764585467,3.44103125,-60.299979178434,-1.62487786961683,3.44228125,-55.2162625165747,-1.4036899190309,3.43559375,-44.5456702461053,0.0330645242537741,3.44109375,-61.7903295347458,-0.0140580755303254,3.44417708333333,-52.3560192564119,-1.37544296663193,3.43969791666667
"25","fp_14",-62.1413756019528,-1.83804853674423,3.56238541666667,-56.7464057829174,-1.12882612409059,3.56423958333333,-57.584911239489,-1.315032502639,3.57382291666667,NA,NA,NA,NA,NA,NA,NA,NA,NA
"26","fp_15",-62.4710359715382,-1.72407737659901,3.76723958333333,-56.1897734737534,-1.30189862434896,3.76490625,-55.2663895893488,-1.62103244340321,3.77890625,-63.7494967720566,-1.79359275117185,3.77357291666667,NA,NA,NA,NA,NA,NA
"27","fp_16",-63.1250214441625,-3.61271806474706,3.96009375,-56.2439594873386,-0.948812223169071,3.98255208333333,-55.7903420092404,-1.6682507697031,3.99090625,-61.6079615022781,-3.4941535706734,3.96671875,NA,NA,NA,NA,NA,NA
"28","tp_29",-50.7785109456988,0.209281977100849,4.05578125,-54.1072089696386,0.155774462643023,4.03848958333333,-43.9299478387958,0.0643854682708201,4.02755208333333,-36.2578572638161,-0.0327073363272121,4.02344791666667,-57.1271222363853,-0.253433999787856,4.03476041666667,-54.8858550523513,0.14556683284847,4.04259375
"29","fp_17",-62.2687422135969,-3.6380493519698,4.16390625,-55.3765454155249,-0.951152571794851,4.18819791666667,-56.3989714231428,-1.15593615507645,4.20334375,-59.0020708668708,-1.12210069160696,4.20538541666667,NA,NA,NA,NA,NA,NA
"30","fp_18",-61.3365787458037,-1.23306354137118,4.40580208333333,-56.9831674160435,-0.891853087960556,4.39596875,-56.9729399920657,-1.33187204212256,4.40432291666667,-59.8530808116314,-1.35577254764167,4.41109375,NA,NA,NA,NA,NA,NA
"31","tp_31",-52.7195805401221,0.0268083571326397,4.61169791666667,-50.9453130333906,0.180049830646662,4.61398958333333,-51.1395335265311,0.0647172824288931,4.60315625,-40.1884903315324,-1.5195964412968,4.57415625,-49.3119407927481,0.113485716086503,4.60309375,-57.6782533746352,0.201491083447358,4.61109375
"32","tp_33",-46.4950022234699,-3.39379453770315,4.66878125,-45.8304887166609,-1.80301019242461,4.74876041666667,-47.0587028738229,-2.16559011882955,4.73157291666667,-34.5454062847429,-2.39042284224042,4.72680208333333,-49.0107483546484,-4.36935980754911,4.66957291666667,-49.3698710394206,-3.8292055371775,4.67238541666667
"33","tp_34",-45.8621092657907,0.0661065377682718,4.76215625,-53.0205831176612,0.327750872424708,4.76917708333333,-55.017011552696,0.0975203523604146,4.76517708333333,-42.5790528642115,0.162930906531359,4.76017708333333,-35.69349010353,0.153007447642066,4.75405208333333,-42.4887208112355,-0.0369391405799437,4.75688541666667
"34","fp_20",-59.231050642568,-3.96479889637995,4.82942708333333,-54.7626791228285,-0.489213378112222,4.85913541666667,-57.7105029632169,-1.13250460350352,4.86817708333333,NA,NA,NA,NA,NA,NA,NA,NA,NA
"35","tp_35",-54.9596098383015,-0.708556693861824,4.87863541666667,-58.6189325695388,-0.988446741724109,4.88805208333333,NA,NA,NA,NA,NA,NA,NA,NA,NA,NA,NA,NA
"36","tp_36",-59.5986678840815,0.158892660069345,4.89263541666667,-63.9085365463845,0.0045317928001549,4.90434375,-62.9294249245976,-0.230208529553687,4.90148958333333,-50.6240155314359,0.0195325077800958,4.89392708333333,-40.0627712785169,0.0686033264964358,4.88403125,-42.2653100965364,0.108178736322127,4.88586458333333
"37","tp_37",-48.1723970084188,0.837090798147406,5.03509375,-52.0039703519824,0.159703696147857,5.04428125,-53.2376458851434,-0.637261776200464,5.04492708333333,-41.0132804996723,0.337970008327827,5.05184375,-36.3800592439868,0.570038010400173,5.02826041666667,-44.2635135543836,0.709585540210723,5.03223958333333
"38","fp_21",-58.5756917000935,-0.938794853507078,5.07869791666667,NA,NA,NA,-58.773086167522,-1.19103205830099,5.07971875,-58.285297040444,-1.03327599617559,5.08228125,NA,NA,NA,NA,NA,NA
"39","tp_39",-55.1023355171496,-4.39984679220177,5.11976041666667,-58.6401736318455,-3.9398867541159,5.12894791666667,NA,NA,NA,-46.1778243198257,-1.22353746742544,5.15782291666667,-36.3171403039924,0.0516080594117607,5.16017708333333,-41.6721862307745,-0.153517878865577,5.16009375
"40","tp_40",-39.403038686898,-1.04904109221626,5.16544791666667,-48.6844812827391,-1.09811131170885,5.18955208333333,-50.4775962790683,-1.43215533120868,5.16169791666667,-49.1743577170174,-0.684130498697338,5.17123958333333,-50.3525023849189,-0.543630677579564,5.17534375,-46.8564387375327,-0.59576758439702,5.16432291666667
"41","tp_41",-56.2049461762781,-0.77601862770792,5.21984375,-56.6604966921968,-0.117772102679253,5.22034375,-55.2124999156821,-0.211341819176135,5.21692708333333,-44.8652676331085,-0.960269028189547,5.21405208333333,-45.6348619301165,-0.494086469078225,5.25501041666667,-52.7023653201365,0.0076820646705212,5.21484375
"42","tp_42",-45.3769475538699,-2.22412780979548,5.28094791666667,-44.0793612343742,-2.75049837877469,5.34303125,-46.1826357563009,-1.87870554370738,5.27396875,-33.5210763939287,-2.57807887266649,5.28867708333333,-46.8775009265219,-1.24558943577463,5.28542708333333,-48.0925796837236,-1.98697247355352,5.30065625
"43","tp_44",-53.7764273203979,-1.22641388023168,5.47569791666667,NA,NA,NA,-51.1421983659257,-2.66173135840877,5.45192708333333,-39.8861923913052,-1.5273482719764,5.45953125,-49.3783106237594,0.119114626755425,5.50040625,-57.9606322683832,-2.24657387428739,5.45909375
"44","tp_45",-49.6726148940092,-0.592138044554859,5.49753125,-54.6595830453385,-0.406387524863031,5.52948958333333,NA,NA,NA,NA,NA,NA,-57.3762670706185,-0.429879540138551,5.51746875,-55.2089194675731,-0.00878650338769677,5.51273958333333
"45","fp_24",-58.4337450173607,-2.37426957588154,5.71642708333333,-56.744032099816,-0.247970457912903,5.71826041666667,-62.0201196880095,-3.62088378624939,5.69840625,-61.4199072020408,-0.123697026887663,5.75071875,NA,NA,NA,NA,NA,NA
"46","tp_47",-50.4634275962397,0.25976879195776,5.76678125,-54.5186411381553,0.062207212196788,5.75926041666667,-43.8660710071372,0.219456879062845,5.75536458333333,NA,NA,NA,-59.1845275418966,0.0960234104229848,5.76230208333333,-55.1985533851782,0.30213818454814,5.76976041666667
"47","fp_25",-59.184345856033,-1.58180909972042,5.94713541666667,-56.0610334379204,-1.02287483710372,5.94271875,-55.7998269188734,-1.24820354489519,5.95136458333333,-58.7186564473961,-2.04130697303638,5.94865625,NA,NA,NA,NA,NA,NA
"48","fp_26",-61.859674180638,-1.7917530241328,6.15432291666667,-57.1110098013051,-0.793851463851817,6.15669791666667,-56.1214095289203,-1.01209025835644,6.16563541666667,-58.8388353929243,-1.33142268025615,6.16790625,NA,NA,NA,NA,NA,NA
"49","fp_27",-61.9796019451346,-0.95888703294738,6.37930208333333,-55.6243505803761,-0.281688221185507,6.38096875,-56.6315895699827,-1.1025309519529,6.37903125,-58.1682029618927,-1.11823582730908,6.38521875,NA,NA,NA,NA,NA,NA
"50","fp_30",-64.7031604967257,-4.00773030495856,6.98023958333333,-53.6279404180452,-1.10905136937896,7.01934375,-62.2487557098379,-1.53370607692218,7.01811458333333,-61.7321073998453,-1.6900761216363,7.02409375,-62.2222034698247,-2.49333638737873,7.03013541666667,NA,NA,NA
"51","fp_31",-64.1880969868575,-3.28842784135805,7.21438541666667,-55.1113588261078,-1.17296504763327,7.23819791666667,-64.0578064437846,-2.32139155401139,7.24363541666667,-62.8532758999515,-2.98727990618686,7.22138541666667,NA,NA,NA,NA,NA,NA
"52","fp_32",-63.3940965160295,-1.87739028898442,7.46340625,-55.7280179448743,-0.767044069982251,7.46598958333333,-63.0274585467744,-1.74266831473381,7.46457291666667,NA,NA,NA,NA,NA,NA,NA,NA,NA
"53","fp_33",-64.5134513285483,-3.36983535580158,7.64796875,-55.3796093897523,-0.930160313342134,7.67359375,NA,NA,NA,NA,NA,NA,NA,NA,NA,NA,NA,NA
"54","fp_34",-63.2641350643007,-3.01459466299094,7.85955208333333,-53.0057699363654,-0.856308428551147,7.89021875,NA,NA,NA,NA,NA,NA,NA,NA,NA,NA,NA,NA
"55","tp_59",-46.2944769780304,0.431571919154679,7.95757291666667,-51.921391763494,0.413264421189167,7.96676041666667,-55.5916886255754,0.432210452580275,7.96301041666667,-41.8148823064691,0.430549029554636,7.95698958333333,-35.2728846393175,0.462282520134231,7.95086458333333,-42.3591302841781,0.332256613112039,7.95471875
"56","tp_62",-45.7003014591712,-1.8027190159217,8.11934375,-45.068592629445,-2.27041865837028,8.11473958333333,-46.1909510483037,-2.11669546178257,8.11098958333333,-33.9794122041006,-2.60194571550956,8.10330208333333,-49.6803989431467,-1.36706016680885,8.12555208333333,-48.217908609951,0.171170492855685,8.11015625
"57","tp_63",-50.1058023192676,-0.0517441353672203,8.28253125,-54.6542253253549,-0.877772480562295,8.25892708333333,-43.9925463322822,-0.0418578846981618,8.27123958333333,-35.8425655947481,-0.160579534547756,8.26636458333333,-56.8510892572441,-0.412972183885929,8.27830208333333,-54.3591148437329,-0.0654303052166534,8.28551041666667
"58","fp_36",-62.5921457894993,-3.33252110760846,8.32213541666667,-52.8617706152657,-1.36535717247318,8.33042708333333,NA,NA,NA,-64.4342767259603,-1.81923972710499,8.29188541666667,NA,NA,NA,NA,NA,NA
"59","tp_64",-53.5858689422708,0.364679292360397,8.39926041666667,-50.4600239323894,0.465171829495687,8.40219791666667,-50.2537349721838,0.373038179453478,8.39263541666667,-39.1801951610462,0.525298721982932,8.38461458333333,-48.9130426521488,0.49126114808825,8.39155208333333,-56.273797658531,0.13643412280108,8.39688541666667
"60","fp_37",-64.2451424005242,-1.77565106472738,8.56801041666667,-56.2372510243946,-0.514948919055403,8.56990625,NA,NA,NA,NA,NA,NA,NA,NA,NA,NA,NA,NA
"61","tp_67",-53.771091060828,-0.0832416147376391,8.70246875,-50.9856842532374,0.0740464314412956,8.70438541666667,-50.892694197476,0.0268874251461028,8.69482291666667,-41.1228215123775,-3.1661516127774,8.65965625,-48.7271247865664,-0.49578986418697,8.69361458333333,-57.1758208267319,-0.673344136564298,8.70161458333333
"62","tp_68",-57.7383062710088,-0.725091119498194,8.73830208333333,-61.6972664718654,-0.679291570490744,8.74388541666667,-56.1900046918365,-0.510935616403419,8.73155208333333,-40.4307606498665,-0.0078314460467907,8.68680208333333,-46.4196435796434,-0.598649727469612,8.76342708333333,-52.9538116199992,-0.681653557134938,8.77207291666667
"63","fp_38",-61.7309274851649,-2.41902476919342,9.11876041666667,-60.0090269740676,-1.77610694637458,9.11842708333333,-63.35203169343,-1.75590608303488,9.12809375,NA,NA,NA,NA,NA,NA,NA,NA,NA
"64","fp_39",-62.8207268450963,-3.22506695067653,9.32536458333333,-61.8099197807835,-1.61329661544713,9.34161458333333,-62.0173297451091,-1.74328915271815,9.35067708333333,NA,NA,NA,NA,NA,NA,NA,NA,NA
"65","tp_72",-40.0505243462658,0.174963000794702,9.43788541666667,-51.048699441651,0.157969259004076,9.43276041666667,-52.2241462758763,-0.487088525929368,9.42832291666667,-49.0667191759719,-0.315881624833872,9.42776041666667,-58.9938951893188,-0.00246803113433598,9.42840625,-46.0929269793399,-0.0221830107939601,9.42598958333333
"66","fp_40",-63.9941401961833,-3.19964294801253,9.55932291666667,-60.0859018075098,-1.31994458548367,9.57536458333333,-61.635823158642,-1.6216989509848,9.57848958333333,-63.9216544458511,-3.24432203444606,9.56307291666667,NA,NA,NA,NA,NA,NA
"67","fp_41",-62.9084670238202,-2.40388744214508,9.78688541666667,-58.3142930354999,-0.527487769757678,9.79226041666667,-63.5829813122103,-1.78322135398861,9.79734375,NA,NA,NA,NA,NA,NA,NA,NA,NA
"68","tp_76",-46.0156869337043,-3.19272316123989,9.90194791666667,-45.2903582831947,-2.84192825264593,9.89219791666667,-46.4880600056487,-2.95523493852708,9.88571875,-34.3223648400116,-3.08027450491723,9.88134375,-48.0222417396622,-2.96955909770194,9.90065625,-48.9033539431186,-2.84342342143215,9.89198958333333
"69","fp_42",-61.7365548215455,-2.50707057031139,10.0146979166667,-58.4520316027972,-1.26187292470147,10.01509375,NA,NA,NA,NA,NA,NA,NA,NA,NA,NA,NA,NA
"70","tp_78",-47.1261535785403,0.825101597043939,10.0704479166667,-52.4120667150201,0.759023606103296,10.08028125,-55.510182136443,0.703775243692105,10.0756354166667,-42.0870695749845,0.809516201125219,10.0705104166667,-35.7455395754279,0.775340825449361,10.0642604166667,-43.1882573589841,0.663190674979645,10.06734375
"71","tp_79",-55.5778353550614,-0.971901370145568,10.1966770833333,-57.6025309947021,-1.10880178134819,10.20915625,-59.7995497817256,-0.849390538310953,10.20578125,-51.4381944611432,-2.57942789233855,10.17415625,-36.0290846332702,-0.593230093627057,10.1883229166667,-41.8948491351927,-0.545284277612769,10.2016145833333
"72","tp_80",-47.3647045942259,0.157304392153535,10.2838020833333,-53.1344054174849,0.335517383105185,10.2940104166667,-55.722123468778,0.330444212035209,10.2891145833333,-43.147579604297,0.188966631655944,10.2838645833333,-35.7701413519091,0.214449727959641,10.2776145833333,-43.4441557585913,0.00415420271640734,10.2809479166667
"73","fp_44",-60.7027463466426,-0.433044666525268,10.49396875,-56.0448150300538,-0.418196356906692,10.4836145833333,-59.3395953369711,-0.617681527773101,10.49434375,NA,NA,NA,NA,NA,NA,NA,NA,NA
"74","fp_45",-63.9993433037488,-3.60270955181424,10.69140625,-56.2873386098241,-0.809788569908576,10.7165729166667,-59.75679350576,-1.38739232190864,10.7149895833333,-60.8623843124109,-1.33864186662942,10.7230104166667,NA,NA,NA,NA,NA,NA
"75","fp_46",-63.5244618001037,-2.41776776867638,10.9243645833333,-54.8421385007891,-0.580391434264195,10.9365104166667,-61.1336602707989,-1.33233632145669,10.9346354166667,-59.3384373122542,-0.7612842866672,10.94896875,NA,NA,NA,NA,NA,NA
"76","tp_83",-64.8263869523402,-1.75256801486284,11.1583645833333,NA,NA,NA,NA,NA,NA,NA,NA,NA,-62.9143646502299,-2.00297932839591,11.1443645833333,NA,NA,NA
"77","tp_84",-53.7203069634472,1.36588838121447,11.3004479166667,-50.6453302448149,1.61161128304657,11.3019895833333,-49.8949419159262,1.44315809458613,11.2924270833333,-39.0108092476971,1.62271092973035,11.28465625,-49.0441576828879,1.47025807492237,11.29134375,-56.4311943317318,1.75193089038457,11.29934375
"78","fp_48",-62.5766837846899,-3.52812005983793,11.33821875,-60.1277010861211,-3.27073992763285,11.3234895833333,NA,NA,NA,NA,NA,NA,NA,NA,NA,NA,NA,NA
"79","tp_85",-51.1032808937665,0.0956067810865885,11.3954270833333,-53.4484820023619,0.220397890653986,11.3939270833333,-44.3775789630888,0.141525860320142,11.3840104166667,-36.3879024855532,0.0449997166294638,11.3792604166667,-46.8814970249737,-1.83585342121698,11.4038854166667,-54.2912274983976,-0.948770810346884,11.38171875
"80","tp_86",-57.0864013460658,-0.0393970683335846,11.4579895833333,-59.8589170096786,-0.303662537179772,11.4594895833333,-55.4011826793374,-0.0576745600287009,11.4524270833333,-43.963333379887,-0.0669760009358221,11.4431354166667,-45.5913017422174,0.0150114300434404,11.4469895833333,-51.640577265606,-0.196614610185423,11.4558854166667
"81","tp_88",-52.6927804557903,-0.323960382757556,11.6119479166667,-50.6020925093502,-0.141432110935488,11.6141354166667,NA,NA,NA,-39.5940056917615,-0.4236590296147,11.5969270833333,-49.8629496595362,-0.954266656167214,11.5926354166667,-57.109901079292,-1.14660268221372,11.5997395833333
"82","tp_90",-50.8806889164736,0.0852504612857581,11.68803125,-53.105424486952,0.493094503589746,11.68390625,-44.5153635094817,0.0795392298146342,11.6578020833333,-36.5773169037278,0.0844190857080487,11.6719895833333,-57.8867433828357,0.5499035829505,11.6692604166667,-54.0216410185994,0.4957444972545,11.67596875
"83","fp_50",-64.6582497784891,-4.00240113264664,11.8061354166667,-62.0923639964059,-1.16492200601415,11.82828125,-62.0625628137812,-1.33365788791808,11.84071875,-61.8929289093613,-1.69436353906862,11.8436145833333,NA,NA,NA,NA,NA,NA
"84","fp_51",-63.9762946234544,-3.43736107740705,12.0255520833333,-62.0065628469284,-1.15364846948074,12.03765625,-60.8842272571078,-1.50217243700632,12.0483645833333,-61.7019523118634,-1.40525608128249,12.0530104166667,NA,NA,NA,NA,NA,NA
"85","ch1_fp",-64.0760340552277,-1.64605564913531,12.0445104166667,NA,NA,NA,NA,NA,NA,NA,NA,NA,NA,NA,NA,NA,NA,NA
"86","fp_52",-62.7659311708522,-1.64667020317276,12.2592604166667,NA,NA,NA,-61.3856649592508,-0.973197968276504,12.2634270833333,NA,NA,NA,NA,NA,NA,NA,NA,NA
"87","tp_95",-46.1458457469007,-2.87298772049552,12.39134375,-45.4060426018001,-2.61730318334848,12.39509375,-47.1462058310318,-2.6300231787813,12.38821875,-33.9569440072627,-3.03668084707926,12.4026354166667,-48.712506221609,-2.58902308640354,12.3785729166667,-49.4272850314944,-2.67297027594149,12.40253125
"88","fp_53",-61.9957154751029,-1.74009110732029,12.48209375,-59.7279830949289,-1.33142365274276,12.4746354166667,-60.5760852003945,-1.72716582171595,12.4821770833333,-59.8757535135194,-1.51429443148916,12.49190625,NA,NA,NA,NA,NA,NA
"89","fp_54",-61.5138120109271,-2.47628275231462,12.6993645833333,-57.7421124471194,-1.03962009247008,12.7003854166667,-63.7059994858207,-2.15994782597325,12.7057604166667,-59.5042827096867,-1.14050159619725,12.71734375,NA,NA,NA,NA,NA,NA
"90","fp_55",-61.2651131521484,-1.36112787611179,12.92484375,-56.3110007257881,-0.91315424731908,12.9215520833333,NA,NA,NA,NA,NA,NA,NA,NA,NA,NA,NA,NA
"91","tp_99",-46.4245649113801,0.0717590318402782,13.0845104166667,-51.7802182482987,0.0123407541145864,13.0968645833333,-55.157068579901,-0.411799739895853,13.0741770833333,-41.9966977570735,-0.343002634585456,13.0838020833333,-35.5138704715267,0.301819661811176,13.0789479166667,-42.4619372403833,-0.238216959630618,13.08153125
"92","fp_56",-63.0327408588245,-2.36383264046509,13.14371875,-58.3018733817483,-1.10367927431787,13.1456145833333,NA,NA,NA,-63.183380209099,-2.87253145998864,13.1229479166667,NA,NA,NA,NA,NA,NA
"93","tp_100",-44.2801774554215,-1.77972043374078,13.2098229166667,-43.1725093168103,-2.10669984715154,13.23528125,-45.0860095537647,-2.27669884522343,13.2301145833333,-32.5228521226113,-2.42251333775512,13.2121354166667,-36.4399528043671,-0.351729645033652,13.2004479166667,-42.3610014541143,-0.380728033711057,13.20228125
"94","tp_102",-40.193263208317,-0.102218836315311,13.42659375,-50.6702100553819,-0.258044727254386,13.4375520833333,-51.3958944698068,-0.29679827268773,13.4226354166667,-48.6027651724384,-0.552217511111081,13.42040625,-50.7052126487735,-0.365064559502775,13.43190625,-46.4451155431377,-0.155716730392635,13.4320520833333
"95","fp_58",-64.3867243989013,-2.42599447868152,13.60896875,-60.6868260889591,-1.11670864748707,13.60634375,-63.623549673855,-1.2965519422366,13.61540625,-63.3889449634526,-3.31198914189467,13.60759375,NA,NA,NA,NA,NA,NA
"96","fp_59",-63.1128220704641,-2.22485038699487,13.8381770833333,NA,NA,NA,NA,NA,NA,-62.5302332131422,-3.18885682280941,13.8311979166667,NA,NA,NA,NA,NA,NA
"97","fp_60",NA,NA,NA,-61.0620941157071,-1.64117830907487,14.0628229166667,-62.6357407362409,-1.80828365282113,14.0725104166667,-62.0422333492343,-2.25395964989325,14.07865625,NA,NA,NA,NA,NA,NA
"98","tp_104",NA,NA,NA,-63.460584241337,-0.783305269069794,14.2837395833333,NA,NA,NA,NA,NA,NA,-64.0347021935711,-2.50245913913105,14.2573854166667,NA,NA,NA
"99","tp_106",-50.8753420189319,-0.106899776289394,14.4827604166667,-53.8303506989886,-0.0437144047405965,14.46446875,-44.2148410537206,-0.22672397538009,14.47121875,-36.4374638899596,-0.33995955483185,14.46646875,-57.8840921473261,-0.518160228768517,14.4467395833333,-54.5005900197168,-0.131848468547345,14.4686979166667
"100","tp_107",-52.5180898347313,0.188947845287406,14.6383229166667,-51.9607693940722,0.332501730747087,14.6398645833333,-50.7232026344056,0.32961483097815,14.62928125,-39.7746057510868,0.326416884048273,14.62228125,-48.5650870797962,0.223782230107299,14.62871875,-56.514501413582,0.373477910424098,14.63659375
"101","tp_108",-50.1267403890849,0.176075014948901,14.75440625,-53.549936860208,0.340235254322983,14.75315625,-43.8227517704224,0.312836106745029,14.74246875,-36.0309436512311,0.197664034432911,14.7379895833333,-58.6470793473488,-3.20566036203393,14.72096875,-54.5059138470535,-2.10379978968709,14.7280520833333
"102","tp_109",-55.6642091095275,-0.733724840445357,14.7870104166667,-58.8709564323903,-0.868306401518952,14.7807604166667,-54.8128416877041,-0.903588995175797,14.7774479166667,-44.8077193039812,-0.97121071963589,14.77059375,-44.7095104566839,-0.640191909205184,14.76609375,-50.2928462151667,-0.678025812922282,14.7725520833333
"103","tp_110",-52.8807562342502,-0.392400356255348,14.92934375,-51.9564514889934,-0.101028818847896,14.93253125,-51.3863108847992,-0.314283099071546,14.92296875,-40.1199724022977,-0.136684844628361,14.9149479166667,-52.7830379500876,-2.67382190897193,14.8998854166667,-53.5842683168772,-0.91219115836743,14.9292604166667
"104","tp_111",-61.1060485403881,-0.00459354303367648,14.98328125,NA,NA,NA,-59.8326332352547,0.0193903627282263,14.97578125,-49.3440480631149,-0.319657301861245,14.9711145833333,-46.7106823982662,-0.24490354335883,14.97034375,-56.5222425312545,-0.172533645493511,14.9792395833333
"105","tp_113",-44.9973366365535,-3.02674451636789,15.1602604166667,-44.2929689158138,-2.84396463640671,15.1591354166667,-46.1860181298831,-2.78434657468605,15.1530520833333,-33.1563605648102,-2.99772857955967,15.1539479166667,-47.1763889913547,-2.79839815875606,15.15396875,-47.1844473627319,-2.92253146475555,15.1591979166667
"106","tp_115",-46.0625672832012,0.0219029241313119,15.7886354166667,-51.1732995256011,-0.0217342325895962,15.78103125,-55.2710071127844,-0.00324103490759538,15.77703125,-41.8559302130245,0.00846175825089335,15.7710104166667,-35.332161346435,0.0225729368698495,15.7648854166667,-42.466122172784,-0.0833165266307603,15.7687395833333
"107","tp_116",-55.8563897118946,0.319923945945868,15.9241770833333,-59.46444298474,0.246369840178569,15.9361354166667,NA,NA,NA,-51.35429680925,0.254499438480606,15.92546875,-37.2620016211586,-0.849245596829872,15.9019270833333,-42.9196458320494,0.350246263175776,15.9166354166667
"108","tp_125",-46.0220696289829,-2.49031573282547,17.1244895833333,-44.7200505646131,-2.30325901067356,17.1287604166667,-46.4220326699044,-2.21643213907992,17.1226770833333,-33.7918099942267,-2.41383706057667,17.11790625,-47.563834300178,-2.19674358754918,17.12371875,-47.8408471224128,-2.32464840533506,17.1285520833333
"109","tp_126",-58.0643699313233,-0.25771292410813,17.34553125,-59.9368767136532,-0.14233558421346,17.3493229166667,-55.2819119771645,-0.296138110021961,17.3393229166667,-44.338889057839,-0.395273806372359,17.3309270833333,-45.650007757302,-0.300522003776399,17.33453125,-52.271108572104,-0.437288529545641,17.3433020833333
"110","tp_127",-52.9924163085246,-0.730115822433328,17.48121875,-51.13748361722,-0.786464880391609,17.4791145833333,-50.4542269789032,-0.65776775401129,17.4733229166667,-39.0348556474348,-0.798401877181819,17.46078125,-48.956422389098,-0.704926192640439,17.4706145833333,-56.2879980736527,-0.724939677040357,17.4771145833333
"111","tp_128",-56.743777353678,-2.32903828770757,17.60790625,-60.3535432721236,-2.55579556871541,17.6106770833333,-54.3865697828789,-2.96127990225844,17.6029895833333,-43.7712095627095,-2.64445365568065,17.59240625,-44.6354964152426,-0.456637423861455,17.6361354166667,-51.0007664979083,-0.948036793962069,17.6229270833333
"112","tp_129",-49.7783441282787,-0.0103971684740177,17.67046875,-52.6110454389999,0.75359942034996,17.65440625,-43.4476256347079,0.398362331253564,17.6437395833333,-35.5606912422536,-0.0979956638749164,17.6426145833333,-56.6093072800975,0.0765283798082837,17.63896875,-53.1775146124127,0.0518968960091641,17.6731979166667
"113","tp_130",-49.3304832351031,-1.17485880833107,17.9315104166667,-53.8244270442182,-0.824565084234493,17.92178125,-44.2350567229776,-0.490793849454644,17.91909375,-36.3645275862195,-0.615358712991729,17.9144895833333,-58.2029719670272,-3.07609355991508,17.8788020833333,-54.3816859101506,-2.42979462058285,17.8957395833333
"114","tp_131",-46.3691431657141,0.341140932997922,17.98978125,-52.3240146756329,0.0326227165544034,17.9981979166667,-55.0429411883922,-0.107733478381635,17.9930520833333,-41.9674163840942,0.303001390499693,17.99009375,-35.6257368233407,0.276026645117198,17.9830729166667,-42.2604066352443,0.130042916686766,17.9869270833333
"115","tp_132",-57.5857958271467,-4.33117991396816,18.0778645833333,-60.0535005661036,-4.00914489378284,18.0898229166667,-61.7911438466891,-4.20933764449254,18.08746875,-51.4436051186387,-4.268437173289,18.0803020833333,-37.6411128925311,-0.592788640987122,18.12134375,-42.481249550849,-1.06600187803751,18.09140625
"116","tp_133",-39.3659858454407,-0.912295722177527,18.13890625,-43.3332942684848,-1.54816393776417,18.16215625,-44.3476557534088,-1.27077979923979,18.1648854166667,-33.2261218412418,-1.96471780761301,18.1572604166667,NA,NA,NA,-43.6793504535076,-0.813505104565838,18.12953125
"117","tp_134",-45.9062807415538,-0.157209594002102,18.15209375,NA,NA,NA,NA,NA,NA,NA,NA,NA,-45.5142921661307,-0.421296289690434,18.1224895833333,-47.2225160000254,-0.803734467899256,18.1590729166667
"118","tp_135",-49.4496046486262,-0.116034242487217,18.2222604166667,-55.7898116191175,-0.0734907706177122,18.23234375,-57.9273773271381,-0.130090818224879,18.2328645833333,-44.3984644229182,-0.0652323834590458,18.2225729166667,-37.9987214204998,-0.0942968957648822,18.2164479166667,-45.1006459795573,-0.127440435231684,18.21928125
"119","tp_137",-56.1416029167851,0.148191432054623,18.3646354166667,-58.5571801818347,0.0988493105888439,18.3756979166667,-60.4344410487337,-0.829797324654644,18.3613854166667,-50.149566106992,0.128612023862128,18.3658020833333,-36.2305719110427,0.197470573257388,18.3551354166667,-42.0646639086856,0.30411946072213,18.35696875
"120","tp_141",-53.440436136356,0.415204399713491,19.6985520833333,-51.4346662095556,0.470892524224168,19.7014895833333,-51.1506073292568,0.433492560518872,19.69065625,-39.8012299365499,0.514297865515654,19.68365625,-49.4590693679184,0.53514461604246,19.69046875,-56.3448043018949,0.643967602648724,19.69834375
"121","tp_144",-55.9375273661738,-0.805531536850469,19.87553125,-59.0020308447816,-1.19244857493843,19.87715625,-54.5164283068648,-0.808062400246575,19.8691979166667,-43.5962029699862,-0.669789682935679,19.8669895833333,-44.4305355965687,-0.463825781975131,19.8720104166667,-50.9168379520718,-0.741009142405942,19.8794895833333
"122","tp_146",-53.3768353354922,-0.18954874824632,20.00840625,-51.9486735435254,-0.109829824540984,20.0103229166667,-51.326760446068,-0.117443443122285,20.0006354166667,-40.0177133425838,-0.137472350795709,19.9936354166667,-49.2453912710712,-0.163608458097048,20.0003229166667,-56.5387385866325,-0.0816779457671291,20.0083229166667
"123","tp_148",-57.965693202527,-0.391402049392479,20.1038229166667,-61.5203603444538,-0.930304320501566,20.1032395833333,-56.7611384365999,-0.350335519744841,20.0982604166667,NA,NA,NA,-46.5480863648551,-0.318597737326954,20.09359375,-52.5295648596887,-0.330891205564028,20.1023645833333
"124","tp_149",-49.9361965816697,-0.0159691106586961,20.2024479166667,-52.5645622180828,0.0536806271168651,20.2006979166667,-43.2728702192535,-0.129352220250429,20.19090625,-34.8256113267108,-0.201854969875329,20.18640625,-55.967470167942,-0.264851434120922,20.1979895833333,-53.641015973068,-0.0788797630291868,20.2055520833333
"125","tp_150",-50.8793021231958,-0.656098257788968,20.4333645833333,-53.1512524195665,-0.765350995703745,20.4318645833333,-44.0359211306221,-0.747556856562145,20.4215729166667,-36.1699765733064,-0.718577509098381,20.41734375,-57.8840921473261,-0.663620821396388,20.4365104166667,-54.2715712390832,-0.636302316812524,20.4366145833333
"126","tp_151",-45.174079822459,-2.66334183743575,20.5869270833333,-43.9660070582922,-2.57036858871183,20.59159375,-46.1376604368772,-2.40115072251669,20.5849895833333,-33.4482772311635,-2.6155762266157,20.5806145833333,-46.5998363291828,-2.36043659496667,20.58603125,-46.9527756491424,-2.47328478319625,20.5913854166667
"127","tp_154",-46.8297307178751,0.423929496660854,20.72428125,NA,NA,NA,NA,NA,NA,-41.9704714463263,0.405887916600734,20.72434375,-35.7432566071033,0.382845813545673,20.7175729166667,-42.5299529872466,0.419502430442671,20.7214270833333
"128","tp_156",-55.6534914757862,-0.352996904659896,20.8781145833333,-58.9196731566376,-0.798292557985794,20.88153125,NA,NA,NA,NA,NA,NA,-36.3075015616878,0.992002669041543,20.8719270833333,-41.9651096055556,1.06564854572088,20.8738854166667
"129","fp_65",-60.1576906837682,-1.48471692681354,20.9650520833333,-59.2394593618378,-1.31335531363596,20.9648020833333,-58.9035914480957,-1.91152959885408,20.9729895833333,-60.2552457818762,-3.26465797386076,20.9485104166667,NA,NA,NA,NA,NA,NA
"130","fp_66",-60.8234233245249,-1.34077883896621,21.1788020833333,-57.0757992660828,-0.970852905761362,21.1696145833333,-60.3319511545781,-1.3819208605868,21.1706145833333,-59.5895811313382,-1.2939485878296,21.1798645833333,NA,NA,NA,NA,NA,NA
"131","fp_67",-60.0156524487302,-1.48571927623216,21.3940520833333,-55.8109574699856,-1.13867690372948,21.39153125,-58.2308496878793,-1.73780500432543,21.4007604166667,-58.2032393224294,-1.37261862197574,21.4085520833333,-61.5950464756175,-3.76856815668377,21.3677395833333,NA,NA,NA
"132","fp_68",-60.9721660253833,-1.72873488857477,21.61896875,-56.4727675677485,-1.14379266990609,21.61490625,-58.8695792551308,-1.59087864171848,21.6238229166667,-59.0575087584072,-1.25391881065734,21.62721875,NA,NA,NA,NA,NA,NA
"133","fp_69",-60.4291173778962,-1.45558366306121,21.8389479166667,-54.5417521294536,-1.18715950184337,21.82265625,-57.1591589320116,-1.38058693541699,21.8394895833333,-60.0222875502004,-2.42647605608965,21.8330520833333,NA,NA,NA,NA,NA,NA
"134","tp_159",-39.9878391811884,0.341370062112766,21.9886354166667,-50.0892561640449,-0.040868838425167,21.9984270833333,-52.3502480627505,-0.206322121326459,21.9808854166667,-48.3990194576933,-0.241524096994145,21.9941770833333,-48.5527029406343,-0.370927193521784,21.97646875,-46.254408826867,0.0352610924656905,21.9929270833333
"135","fp_70",-60.8142254710557,-1.68172368433997,22.04846875,-54.2233866018959,-0.872863308294234,22.05903125,-56.5649914260064,-1.58409217389265,22.0613020833333,NA,NA,NA,NA,NA,NA,NA,NA,NA
"136","tp_161",-46.2810796993402,0.400260188066877,22.1639895833333,-52.5811414059891,-0.0668765945016748,22.15740625,-54.4541708144651,-0.072283165992473,22.15378125,-41.7270886991662,0.0257404335133301,22.1472604166667,-35.1654191353946,0.449066382394389,22.1580520833333,-42.255254816982,0.242870028980479,22.16140625
"137","tp_162",-63.1063389431927,-2.54022331394197,22.2469479166667,-60.6425965756492,-1.89509627186552,22.20490625,NA,NA,NA,NA,NA,NA,-63.302576201072,-2.47595038989276,22.1849479166667,NA,NA,NA
"138","tp_164",-56.5280574380614,-0.508979177111343,22.3025729166667,-60.9880055740395,-0.584753100772457,22.3137604166667,NA,NA,NA,NA,NA,NA,NA,NA,NA,NA,NA,NA
"139","tp_167",-56.438313344435,-0.848491212341069,22.7738020833333,-59.8529175739103,-1.09273039401778,22.7671770833333,-55.0572601162219,0.139418937087733,22.7728854166667,-44.0837298455037,0.189234213583994,22.7801770833333,-45.1130554858941,0.19050175136473,22.76834375,-51.632637468088,0.0671754529152773,22.7769895833333
"140","tp_168",-53.8374563863463,-0.21156983182237,22.9311770833333,-51.4916179719357,0.230043520523802,22.93309375,-50.6531897378491,0.0143038123533205,22.92340625,-39.4808362788101,0.0451968596699349,22.91615625,-49.096751198278,-0.61600799356059,22.9053854166667,-55.7736818040438,-0.616763443384059,22.9130104166667
"141","tp_169",-56.4316684539099,-1.27320467893121,22.95046875,-60.5645159677999,-1.03778053476947,22.9674479166667,-55.4448893680445,-0.872933557438396,22.94334375,-44.5707485055898,0.0217992183968025,22.9862604166667,-45.5489864926292,-0.337504975396409,22.97903125,-51.9425117354004,-1.38996020309213,22.9472395833333
"142","tp_170",-54.3861254195548,-1.07442238556686,23.1771979166667,-52.0425099158181,-1.13766573406129,23.18871875,-51.6629018735971,-1.18352524287278,23.1700729166667,-40.0360327785241,-1.0433968555363,23.1856979166667,-49.7988395306076,-0.561520140986922,23.1925104166667,-56.5509083094437,-0.765440767078106,23.18659375
"143","tp_185",-44.072723522757,-1.43389049040514,23.2723645833333,NA,NA,NA,NA,NA,NA,NA,NA,NA,NA,NA,NA,NA,NA,NA
"144","tp_172",-51.8533497805899,0.350208694608926,23.5074479166667,-53.3649983721712,0.260721543949391,23.5058229166667,-44.4171539711953,0.194899384047133,23.49565625,-36.7104808998926,0.171346823938919,23.4914270833333,-58.2923088984753,0.148035527098315,23.5027395833333,-54.376364698783,0.324076119256188,23.5108229166667
"145","tp_173",-45.9178101388532,0.318184400391028,23.7841770833333,-52.0651830658955,0.144162375992223,23.79234375,-55.0534601103647,0.176463303979566,23.7893645833333,-41.4170990754461,0.367297240410306,23.7838645833333,-34.9550438939699,0.301463000522769,23.77696875,-42.3727853709919,0.196015516661917,23.7663020833333
"146","fp_78",-63.0383004215483,-1.65745086623559,23.82703125,-57.9233637202432,-1.08862399995849,23.8233020833333,-62.4489137196056,-1.60836199489048,23.82915625,NA,NA,NA,NA,NA,NA,NA,NA,NA
"147","tp_174",-57.0977207448509,0.0319760499698158,23.90778125,-61.6382797670081,-0.226244576805805,23.9194895833333,-62.4866933386126,-0.561398764744133,23.9165104166667,-50.7408837648934,-0.195635967593612,23.9086979166667,NA,NA,NA,-42.3393308862668,-0.150123861646276,23.8999895833333
"148","tp_187",-46.4854064273732,1.3657932885249,24.02671875,NA,NA,NA,NA,NA,NA,NA,NA,NA,NA,NA,NA,NA,NA,NA
"149","tp_177",-39.8860033952967,-0.109524749890703,24.23984375,-50.4582405781182,-0.548743573784318,24.21909375,-50.3911596443248,-0.263852449338072,24.2160729166667,NA,NA,NA,-38.2407673352563,-0.535391312546427,24.1916770833333,-44.546776484404,-0.520163598512907,24.2062604166667
"150","fp_80",-62.9372397661257,-2.73415932119113,24.2706354166667,-58.0815854300133,-0.516383442834356,24.27940625,NA,NA,NA,NA,NA,NA,NA,NA,NA,NA,NA,NA
"151","tp_179",-44.9775771638264,-2.53470568603237,24.3704479166667,-42.686871309543,-2.4580704034937,24.37471875,-45.4637137421592,-2.28528691087494,24.3685104166667,-32.2270109692408,-2.45665211709691,24.3640104166667,-45.3800084037182,-2.42211477270269,24.3695520833333,-45.828194885259,-2.43580398851861,24.37465625
"152","fp_81",-61.5269185665319,-1.64379398969728,24.4941770833333,-58.2359886890799,-1.3297513515948,24.4998020833333,NA,NA,NA,NA,NA,NA,NA,NA,NA,NA,NA,NA
"153","fp_82",-60.763057518884,-2.50936488435136,24.7246145833333,-57.2247868415221,-1.32565865583816,24.7251979166667,-62.7476810961283,-2.79915171474141,24.72440625,NA,NA,NA,NA,NA,NA,NA,NA,NA
"154","tp_202",-54.7234383794462,0.894686223486757,25.98803125,-51.7961323778526,1.20324868182245,25.9893229166667,-50.4250462468747,1.01961686356204,25.9803854166667,-39.6333980111716,1.17538125281734,25.9728854166667,-49.1174754038588,1.05406029347949,25.9795729166667,-56.2459896496165,1.1671825747428,25.9865520833333
"155","tp_203",-56.5005053798844,-0.263721260580235,26.1376145833333,-58.8116903690075,0.00174043585408265,26.1396145833333,-55.5034746643881,-0.226466576607309,26.1296145833333,-44.387786958469,-0.177279776015058,26.1221145833333,-45.3073573134343,-0.0443962700217808,26.1267395833333,-51.9964912716207,-0.167953405587917,26.1347395833333
"156","tp_204",-50.615556353938,-0.664161499834977,26.20265625,-53.2225841923165,-0.801321459326008,26.2007604166667,-43.843700952722,-0.769331027619318,26.1913645833333,-35.7034187531094,-0.809642465235904,26.1866145833333,-56.9333503127693,-0.970854213344665,26.1986770833333,-54.2097171507842,-0.666579902139605,26.2058854166667
"157","tp_205",-54.4054160902226,-0.875494591456224,26.2488020833333,-52.9888731389409,-0.50488973403048,26.30215625,-51.5189988925345,-0.783883672161523,26.2372604166667,-39.7850222634602,-0.625249188261229,26.28459375,-47.2485971197755,-0.104056367707163,26.29115625,-53.9809897236739,-0.229633302698636,26.29915625
"158","tp_208",-44.8360038597058,-2.91847294451305,26.6150729166667,-43.7141412389247,-2.76086071357602,26.60884375,-46.4395531514734,-2.65082906290624,26.6027604166667,-32.9007539591277,-2.86322335181815,26.5978645833333,-46.47389764198,-2.7191800312459,26.6036770833333,-47.0617724083947,-2.80741604891044,26.60878125
"159","tp_210",-50.2352504054604,-0.513121695286699,26.7866770833333,-52.4034763636915,-0.0791372188927194,26.7849270833333,-43.7977638270173,0.282219878066182,26.7752604166667,-35.7732785136799,0.144335236522696,26.7703854166667,-56.8888621955544,-1.30126302841959,26.7481354166667,-53.8052152429096,-1.61442903428143,26.75496875
"160","tp_211",-46.4477331043298,0.51414413199078,26.84690625,-52.3327721822086,0.458210649256681,26.85646875,-54.2900687974781,0.621638619719363,26.85209375,-41.4318321042098,0.528868816862111,26.84684375,-34.8371206608272,0.575447519413017,26.84059375,-41.9700133483835,0.352173528977334,26.8438020833333
"161","tp_212",-54.5214658892792,0.110683974171053,27.01140625,-58.3542579104639,-0.399476256100674,26.9906979166667,NA,NA,NA,-49.9505688400114,-0.339428449256538,26.97990625,-36.6261237472704,-0.256227178959883,26.9691145833333,-42.2318767425949,-0.244645728526501,26.9709479166667
"162","fp_203",-61.9756425115603,-1.65709197234919,27.2279479166667,-57.1934471631792,-1.26183847655229,27.2322395833333,-55.4543579574418,-1.71127338751023,27.2461145833333,-59.5798405404462,-1.52335552796311,27.2474270833333,NA,NA,NA,NA,NA,NA
"163","fp_204",-60.6824064133175,-0.942982573463204,27.4665520833333,-53.4528092361277,-0.483736146278002,27.4693020833333,-56.7220460595093,-0.909935332194544,27.4654479166667,-57.8923412315883,-0.804052492304217,27.47446875,NA,NA,NA,NA,NA,NA
"164","fp_205",-58.5169895039629,-0.564050790319436,27.7040520833333,-53.9454285207968,-0.267503846338513,27.6967604166667,-59.3740965614449,-0.548750911988893,27.70540625,-55.5223302830764,-0.415057353913017,27.7142395833333,NA,NA,NA,NA,NA,NA
"165","fp_206",-61.7004066015507,-1.67440165335014,27.9283854166667,-56.5681253769786,-1.27435696767844,27.9173645833333,-59.0372627689068,-1.50162451118507,27.92284375,-57.3504063104128,-1.35772685398602,27.9414895833333,NA,NA,NA,NA,NA,NA
"166","fp_207",-61.0684693254366,-1.55628782676586,28.14528125,-57.2401850332163,-0.976522391281927,28.1415520833333,-60.013555425914,-1.43544504254047,28.15040625,-60.2554960810911,-1.43343916176417,28.1576770833333,NA,NA,NA,NA,NA,NA
"167","fp_208",-61.0697197835305,-1.72750073666782,28.36578125,-56.5870082245396,-1.24503167300986,28.34896875,-57.8818563308575,-1.35853627003331,28.3669479166667,-59.2288912656432,-1.45714336620081,28.3751354166667,NA,NA,NA,NA,NA,NA
"168","fp_209",-60.9992336905479,-1.69811860278889,28.5942604166667,-56.501408925661,-1.04921463884368,28.59515625,-59.8543516027416,-1.65543554660873,28.5946145833333,-58.5208719319871,-1.64224519154154,28.60303125,NA,NA,NA,NA,NA,NA
"169","fp_210",-60.9019055121641,-2.57625544641894,28.81021875,-56.8249849798966,-1.58524619791994,28.8101145833333,-62.5630093998293,-3.58128115759078,28.7864479166667,-57.7253905763419,-2.51187260504206,28.8192395833333,NA,NA,NA,NA,NA,NA
"170","tp_218",-44.9426997466142,-1.79538670830595,28.9884479166667,-43.6466343256049,-2.06177450463242,28.9919270833333,-45.2845367848401,-1.94466095659289,28.9916770833333,-32.814269542187,-1.5740826362141,28.98303125,-44.0337499905194,-0.487633698678461,28.9894479166667,-46.7176164501868,-0.926807985116836,28.99871875
"171","fp_211",-62.6105211503859,-1.71399497424845,29.0446354166667,-54.4592496945129,-0.95807385677034,29.0480520833333,-61.100486511233,-1.54833505201257,29.0470520833333,-59.2446111671366,-1.473161244393,29.0550729166667,NA,NA,NA,NA,NA,NA
"172","tp_219",-46.475861614169,0.377037909256798,29.14128125,-51.1972475049754,-0.138306561465147,29.1515104166667,-53.3296802591889,-0.60491014789782,29.1227395833333,-35.584366592144,0.507657142999065,29.12565625,-35.2988727631566,0.386549241124776,29.11928125,-42.8134241405411,0.341653601787698,29.1224895833333
"173","tp_220",-39.455785975306,0.0762535641771148,29.2334895833333,-50.0964182915395,-2.6228315529103,29.18746875,-58.3443012920789,-1.55728402786311,29.1756145833333,-47.383470622438,-1.70033712016558,29.16728125,-44.9406465677095,-2.43934609180726,29.1750729166667,-48.0255265426058,-3.30321392395566,29.1794270833333
"174","fp_212",NA,NA,NA,NA,NA,NA,-64.5304942389747,-1.68370814829461,29.27021875,-61.5769808785233,-2.95042237499689,29.2569270833333,NA,NA,NA,NA,NA,NA
"175","tp_221",-57.0734620832279,-0.751327029340614,29.2745104166667,-41.9954763766454,-1.14729279169184,29.2439270833333,-61.9142458452316,-1.33379103652447,29.2751979166667,-50.8256213388092,-2.1306224284557,29.2673854166667,-36.6888499875655,0.152624657831833,29.2681979166667,-39.537362696461,0.314988819646308,29.2725729166667
"176","tp_223",-47.2993222373948,0.266067021639069,29.4330520833333,-53.1803175431961,-0.144808746977104,29.4430104166667,-56.1600523516889,-0.416917910760675,29.4201770833333,-42.4087150583594,-1.24985530682578,29.4000520833333,-36.2612715009647,0.189819709520378,29.42621875,-43.2072103304949,0.121959598107175,29.4301979166667
"177","fp_213",-64.2520456015558,-3.56323844068952,29.46159375,-57.9074292298644,-1.10401781487409,29.46971875,NA,NA,NA,NA,NA,NA,NA,NA,NA,NA,NA,NA
"178","tp_225",-55.6309517665713,-0.293680605707263,29.5543229166667,-59.9750468427732,-0.504836008250119,29.5530520833333,-60.6494802777908,-0.666438477366388,29.54903125,-50.5487125391994,-0.417656217075977,29.5422395833333,-36.862224998468,-0.356920177470994,29.5638854166667,-42.4271597117141,-0.310694223688852,29.56596875
"179","fp_13",NA,NA,NA,-56.3422484554554,-0.67272849138748,3.35251041666667,-61.7565348795756,-1.39854814826809,3.35430208333333,-64.8358188465787,-3.26422567508583,3.33026041666667,NA,NA,NA,NA,NA,NA
"180","tp_28",NA,NA,NA,-62.1893700088079,-1.45659053654177,3.66809375,-61.0703666263693,-1.11357274132823,3.66871875,-59.2922301225919,-0.9897373328384,3.66788541666667,-64.4006291091816,-1.78468182751797,3.64776041666667,NA,NA,NA
"181","ch2_fp",NA,NA,NA,-58.735854931235,-2.55788583420692,23.1343229166667,NA,NA,NA,NA,NA,NA,NA,NA,NA,NA,NA,NA
"182","fp_23",NA,NA,NA,-55.6470661745564,-1.09302966537659,5.50707291666667,-58.7573855581356,-0.797045024931215,5.52236458333333,-59.7129236027405,-0.72901934965185,5.53030208333333,NA,NA,NA,NA,NA,NA
"183","fp_28",NA,NA,NA,-54.1317590831511,-0.815170266380637,6.59815625,-61.3201259607043,-1.67710534547584,6.59932291666667,-58.5967582691008,-1.05621125705185,6.61548958333333,NA,NA,NA,NA,NA,NA
"184","fp_29",NA,NA,NA,-51.0958870848872,-0.646743016035797,6.81388541666667,-60.4322065154952,-1.31831355518883,6.81298958333333,-58.4420134121935,-1.39386163957741,6.82080208333333,NA,NA,NA,NA,NA,NA
"185","tp_61",NA,NA,NA,-59.0924298364217,-2.82630577496322,8.06051041666667,-60.8147945548129,-3.93813507880123,8.08184375,-51.5474003892028,-3.95146535669351,8.06469791666667,-37.0843677306099,0.464089833238637,8.10844791666667,-42.5114041354419,-0.265047966981783,8.09240625
"186","tp_81",NA,NA,NA,-62.0825528117756,-0.705267808549795,10.5009895833333,NA,NA,NA,-50.0681685779107,-0.713573823456097,10.4908229166667,-36.4942222907875,-0.615822166591662,10.4956770833333,-42.6332504916693,-0.596009241615838,10.4975104166667
"187","fp_47",NA,NA,NA,-57.3474407778182,-1.74716304403545,11.1633020833333,NA,NA,NA,-61.0927634970542,-2.61184149900841,11.16796875,NA,NA,NA,NA,NA,NA
"188","tp_93",NA,NA,NA,-62.5863028527266,-1.04651594709436,12.25340625,NA,NA,NA,NA,NA,NA,NA,NA,NA,NA,NA,NA
"189","fp_62",NA,NA,NA,-59.6474958763552,-0.7393629631502,14.53009375,NA,NA,NA,-59.3558380605069,-1.16569393474254,14.5468645833333,NA,NA,NA,NA,NA,NA
"190","fp_64",NA,NA,NA,-59.5570133991928,-1.17466078366512,20.7453854166667,-60.7864245178202,-1.90243944414681,20.7413229166667,NA,NA,NA,NA,NA,NA,NA,NA,NA
"191","fp_71",NA,NA,NA,-54.2835927692504,-0.495594318519535,22.28034375,-58.4840563341829,-1.03327520625693,22.28884375,-60.8499050274619,-0.472679192736712,22.2973854166667,NA,NA,NA,NA,NA,NA
"192","fp_72",NA,NA,NA,-56.5547485308925,-1.17294929941393,22.5020520833333,-60.5825556300198,-1.80830811437022,22.4999270833333,-60.2444996734853,-1.63947985262979,22.50815625,NA,NA,NA,NA,NA,NA
"193","fp_73",NA,NA,NA,-58.5112916877509,-1.26816173722378,22.7095104166667,-62.5869755169858,-1.50543160165413,22.7173854166667,NA,NA,NA,NA,NA,NA,NA,NA,NA
"194","fp_75",NA,NA,NA,-60.0246594043811,-3.43825364192574,23.1136770833333,NA,NA,NA,NA,NA,NA,NA,NA,NA,NA,NA,NA
"195","tp_171",NA,NA,NA,-44.1848695213652,-1.78350022116854,23.2672395833333,-41.9835139151506,-0.66595432917457,23.2611979166667,-31.3917509694936,-1.12612019643367,23.25709375,-46.4975234248417,-1.90979448168319,23.26878125,-46.3973773062078,-1.52329366289642,23.2763645833333
"196","fp_76",NA,NA,NA,-57.545769634086,-1.32083990895676,23.3691354166667,NA,NA,NA,NA,NA,NA,NA,NA,NA,NA,NA,NA
"197","fp_77",NA,NA,NA,-57.6161372149773,-0.95148900892002,23.5980104166667,NA,NA,NA,NA,NA,NA,NA,NA,NA,NA,NA,NA
"198","tp_186",NA,NA,NA,-52.5199198509451,0.917547262159913,24.03615625,-54.5208550975095,0.887740151980369,24.03203125,-41.9129908570654,1.31130457815132,24.02653125,-35.1860324892651,1.29267998699463,24.02040625,-43.084343732533,1.29080933876986,24.0243854166667
"199","tp_213",NA,NA,NA,-63.8594067442065,-0.977311303371194,27.31934375,-63.515365270954,-0.907717593508649,27.3087604166667,-60.8717675157907,-1.10758607007463,27.3061770833333,NA,NA,NA,NA,NA,NA
"200","ch3_fp",NA,NA,NA,NA,NA,NA,-64.7948825700764,-3.5071248715303,2.67596875,NA,NA,NA,NA,NA,NA,NA,NA,NA
"201","ch3_fp",NA,NA,NA,NA,NA,NA,-58.8531898508324,-1.31949822369384,3.13823958333333,NA,NA,NA,NA,NA,NA,NA,NA,NA
"202","ch3_fp",NA,NA,NA,NA,NA,NA,-60.7524226785811,-3.93768531245607,3.95132291666667,NA,NA,NA,NA,NA,NA,NA,NA,NA
"203","ch3_fp",NA,NA,NA,NA,NA,NA,-62.8387360748315,-3.9952624496222,4.81680208333333,NA,NA,NA,NA,NA,NA,NA,NA,NA
"204","ch3_fp",NA,NA,NA,NA,NA,NA,-64.9292894184485,-3.24561309678827,12.67378125,NA,NA,NA,NA,NA,NA,NA,NA,NA
"205","ch3_fp",NA,NA,NA,NA,NA,NA,-63.1630834061729,-3.66421894856908,28.5680520833333,NA,NA,NA,NA,NA,NA,NA,NA,NA
"206","tp_32",NA,NA,NA,NA,NA,NA,NA,NA,NA,-40.0839095241354,0.26110773230075,4.59640625,NA,NA,NA,NA,NA,NA
"207","tp_65",NA,NA,NA,NA,NA,NA,-43.947250896808,0.352223309217434,8.55048958333333,-35.5532850635747,0.263444773384292,8.54501041666667,-44.6202187569505,-0.197707680866543,8.55580208333333,-48.980109060029,0.0671295515987124,8.56353125
"208","fp_49",NA,NA,NA,NA,NA,NA,-61.5157707497468,-0.796347461978536,11.62065625,NA,NA,NA,NA,NA,NA,NA,NA,NA
"209","tp_97",NA,NA,NA,NA,NA,NA,NA,NA,NA,-63.6382473812119,-1.36264900592105,12.92340625,-60.4523588253717,-1.13425519347138,12.9215520833333,NA,NA,NA
"210","tp_117",NA,NA,NA,NA,NA,NA,-61.7651549982528,-1.04091459309506,15.9195104166667,NA,NA,NA,-41.0245180655646,0.283926383151025,15.9148020833333,NA,NA,NA
"211","tp_155",NA,NA,NA,NA,NA,NA,-60.6357237671245,-0.864862951399053,20.87778125,-50.3189428650422,0.916798126291636,20.88246875,NA,NA,NA,NA,NA,NA
"212","tp_180",NA,NA,NA,NA,NA,NA,NA,NA,NA,NA,NA,NA,-62.1078888932015,-1.68381296202074,24.48184375,NA,NA,NA
"213","fp_202",NA,NA,NA,NA,NA,NA,-58.7282028738565,-1.18948896644874,27.0149479166667,NA,NA,NA,NA,NA,NA,NA,NA,NA
"214","tp_15",NA,NA,NA,NA,NA,NA,NA,NA,NA,-34.518929831047,-3.70301147311986,1.45203125,-48.9567299118796,-3.54752305364953,1.46371875,NA,NA,NA
"215","tp_16",NA,NA,NA,NA,NA,NA,NA,NA,NA,-49.5860357702883,-0.703856650534924,2.29598958333333,-35.8242964588686,-0.746545439593488,2.28480208333333,-41.1469147408576,-0.736171578819207,2.28728125
"216","ch4_fp",NA,NA,NA,NA,NA,NA,NA,NA,NA,-61.2059246259713,-0.920185180990982,2.51548958333333,NA,NA,NA,NA,NA,NA
"217","ch4_fp",NA,NA,NA,NA,NA,NA,NA,NA,NA,-60.2554246029609,-3.5788445079331,29.01309375,NA,NA,NA,NA,NA,NA
"218","fp_19",NA,NA,NA,NA,NA,NA,NA,NA,NA,-60.0562991593607,-1.02750512405611,4.64457291666667,NA,NA,NA,NA,NA,NA
"219","tp_69",NA,NA,NA,NA,NA,NA,NA,NA,NA,-57.4123757963806,0.140687486090361,8.77244791666667,-60.343609164816,0.136150321024697,8.77694791666667,NA,NA,NA
"220","fp_43",NA,NA,NA,NA,NA,NA,NA,NA,NA,-62.2925339137644,-1.41026694453253,10.2613020833333,NA,NA,NA,NA,NA,NA
"221","tp_94",NA,NA,NA,NA,NA,NA,NA,NA,NA,-63.5008502837823,-0.200920494272894,12.26215625,NA,NA,NA,NA,NA,NA
"222","fp_61",NA,NA,NA,NA,NA,NA,NA,NA,NA,-61.3155151286069,-1.37451984254955,14.3143854166667,NA,NA,NA,NA,NA,NA
"223","tp_121",NA,NA,NA,NA,NA,NA,NA,NA,NA,-64.2703880726001,-3.10411021411027,16.3105729166667,NA,NA,NA,NA,NA,NA
"224","tp_147",NA,NA,NA,NA,NA,NA,NA,NA,NA,-45.5115286689067,-0.381613215278097,20.08896875,NA,NA,NA,NA,NA,NA
"225","tp_160",NA,NA,NA,NA,NA,NA,NA,NA,NA,NA,NA,NA,-63.8738571908019,-1.15188045228608,22.01959375,NA,NA,NA
"226","tp_176",NA,NA,NA,NA,NA,NA,NA,NA,NA,-45.7829068043646,-0.61106506698421,24.2302604166667,-37.8083512638356,-1.80732486373322,24.1791770833333,-42.497167904504,-0.647482050258055,24.19184375
"227","tp_183",NA,NA,NA,NA,NA,NA,NA,NA,NA,NA,NA,NA,-57.8596390627508,-0.577692286231781,0.39115625,NA,NA,NA
"228","tp_26",NA,NA,NA,NA,NA,NA,NA,NA,NA,NA,NA,NA,-59.4761386730934,-0.623874099878621,3.50440625,NA,NA,NA
"229","tp_43",NA,NA,NA,NA,NA,NA,NA,NA,NA,NA,NA,NA,-62.4619061694081,-2.64565706362012,5.39259375,NA,NA,NA
"230","tp_53",NA,NA,NA,NA,NA,NA,NA,NA,NA,NA,NA,NA,-62.6384623862923,-1.5442889128163,6.60569791666667,NA,NA,NA
"231","tp_57",NA,NA,NA,NA,NA,NA,NA,NA,NA,NA,NA,NA,-63.0931268715364,-1.30813249145045,7.29057291666667,NA,NA,NA
"232","tp_74",NA,NA,NA,NA,NA,NA,NA,NA,NA,NA,NA,NA,-62.6088611554913,-2.47799660318591,9.67526041666667,NA,NA,NA
"233","tp_89",NA,NA,NA,NA,NA,NA,NA,NA,NA,NA,NA,NA,-47.05930568992,-0.552004232934333,11.64503125,-53.3659345401192,-0.595077928254673,11.6519895833333
"234","tp_92",NA,NA,NA,NA,NA,NA,NA,NA,NA,NA,NA,NA,-63.3118152236296,-2.40911323863357,12.0567604166667,NA,NA,NA
"235","tp_101",NA,NA,NA,NA,NA,NA,NA,NA,NA,NA,NA,NA,-39.8082213767258,-0.513822485091503,13.2322604166667,-44.6755730472569,-0.638790239151036,13.21540625
"236","tp_123",NA,NA,NA,NA,NA,NA,NA,NA,NA,NA,NA,NA,-62.1856888002819,-1.55748209801969,16.4828854166667,NA,NA,NA
"237","tp_143",NA,NA,NA,NA,NA,NA,NA,NA,NA,NA,NA,NA,-61.1775972652264,-1.50326080693968,19.76828125,NA,NA,NA
"238","tp_175",NA,NA,NA,NA,NA,NA,NA,NA,NA,NA,NA,NA,-36.9221701200535,-0.129169697067886,23.9170729166667,NA,NA,NA
"239","tp_192",NA,NA,NA,NA,NA,NA,NA,NA,NA,NA,NA,NA,-60.6307322873356,-1.54112187931819,25.4081979166667,NA,NA,NA
"240","tp_209",NA,NA,NA,NA,NA,NA,NA,NA,NA,NA,NA,NA,-61.7514114313784,-3.46729803850349,26.7284895833333,NA,NA,NA
"241","tp_214",NA,NA,NA,NA,NA,NA,NA,NA,NA,NA,NA,NA,-61.7643455442731,-1.80526600982908,27.44840625,NA,NA,NA
"242","tp_222",NA,NA,NA,NA,NA,NA,NA,NA,NA,NA,NA,NA,-62.6762491402629,-2.77952106281345,29.31521875,NA,NA,NA
"243","tp_224",NA,NA,NA,NA,NA,NA,NA,NA,NA,NA,NA,NA,-63.1484448347332,-2.45525433220578,29.45303125,NA,NA,NA
"244","tp_49",NA,NA,NA,NA,NA,NA,NA,NA,NA,NA,NA,NA,NA,NA,NA,-64.272550898783,-2.37543908604329,6.36634375
"245","tp_163",NA,NA,NA,NA,NA,NA,NA,NA,NA,NA,NA,NA,NA,NA,NA,-42.8468670723586,-0.445823508554081,22.29490625
